"","x"
"1","Caffeine"
"2","Hydrogen Ion"
"3","Oxygen"
"4","NADPH"
"5","Water"
"6","Paraxanthine"
"7","NADP"
"8","Formaldehyde"
"9","4-Aminobiphenyl"
"10","N-Hydroxy-4-aminobiphenyl"
"11","Butyric acid"
"12","Adenosine triphosphate"
"13","Pyrophosphate"
"14","Adenosine monophosphate"
"15","Butyryl-CoA"
"16","FAD"
"17","Crotonoyl-CoA"
"18","FADH"
"19","3HB-CoA"
"20","NAD"
"21","Acetoacetyl-CoA"
"22","NADH"
"23","Decanoyl-CoA (n-C10:0CoA)"
"24","(2E)-Decenoyl-CoA"
"25","(S)-Hydroxydecanoyl-CoA"
"26","3-Oxodecanoyl-CoA"
"27","Coenzyme A"
"28","Octanoyl-CoA"
"29","Acetyl-CoA"
"30","Hexanoyl-CoA"
"31","trans-2-Hexenoyl-CoA"
"32","(S)-Hydroxyhexanoyl-CoA"
"33","3-Oxohexanoyl-CoA"
"34","Lauroyl-CoA"
"35","(2E)-Dodecenoyl-CoA"
"36","(S)-3-Hydroxydodecanoyl-CoA"
"37","3-Oxododecanoyl-CoA"
"38","Tetradecanoyl-CoA"
"39","(2E)-Tetradecenoyl-CoA"
"40","(S)-3-Hydroxytetradecanoyl-CoA"
"41","3-Oxotetradecanoyl-CoA"
"42","(2E)-Octenoyl-CoA"
"43","(S)-Hydroxyoctanoyl-CoA"
"44","3-Oxooctanoyl-CoA"
"45","Palmityl-CoA"
"46","(2E)-Hexadecenoyl-CoA"
"47","(S)-3-Hydroxyhexadecanoyl-CoA"
"48","3-Oxohexadecanoyl-CoA"
"49","Glutathione"
"50","Acetaminophen"
"51","Hydrogen"
"52","Benzene"
"53","Phenol"
"54","Carbon tetrachloride"
"55","Cl-"
"56","Halothane"
"57","Ethanol"
"58","Acetaldehyde"
"59","Vinyl chloride"
"60","Benzoic acid"
"61","Benzoyl-CoA"
"62","Glycine"
"63","Hippuric acid"
"64","Salicylic acid"
"65","Salicyluric acid"
"66","7a-Hydroxy-cholestene-3-one"
"67","7a_12a-Dihydroxy-cholestene-3-one"
"68","Cholesterol"
"69","24-Hydroxycholesterol"
"70","27-Hydroxycholesterol"
"71","7a-Hydroxycholesterol"
"72","7a_12a-Dihydroxy-5b-cholestan-3-one"
"73","7a-Hydroxy-5b-cholestan-3-one"
"74","27-Deoxy-5b-cyprinol"
"75","3a_7a_12a-Trihydroxy-5b-cholestan-26-al"
"76","3a_7a_12a-Trihydroxy-5b-cholestanoic acid"
"77","25(R) THCA-CoA"
"78","25(S) THCA-CoA"
"79","3a_7a_12a-Trihydroxy-5b-cholest-24-enoyl-CoA"
"80","Hydrogen peroxide"
"81","3a_7a_12a-Trihydroxy-5b-24-oxocholestanoyl-CoA"
"82","Propionyl-CoA"
"83","Taurine"
"84","Glycocholic acid"
"85","Taurocholic acid"
"86","Chenodeoxycholic acid glycine conjugate"
"87","taurochenodeoxycholate"
"88","Phosphate"
"89","ADP"
"90","Uridine diphosphategalactose"
"91","Uridine diphosphate glucuronic acid"
"92","Carboxylate"
"93","Monolysocardiolipin"
"94","PC(16:0/16:0)"
"95","1-Acyl-sn-glycero-3-phosphoethanolamine"
"96","DG(16:0/16:0/0:0)"
"97","Glycerol"
"98","Fatty acid"
"99","2-Acyl-sn-glycero-3-phosphoethanolamine"
"100","1-Acyl-sn-glycero-3-phosphoglycerol"
"101","1-Phosphatidyl-D-myo-inositol"
"102","1-Acylglycerophosphoinositol"
"103","1-acyl-sn-glycero-3-phosphoserine"
"104","2-Acyl-sn-glycero-3-phosphoserine"
"105","1-Phosphatidyl-1D-myo-inositol 4-phosphate"
"106","Oxoglutaric acid"
"107","Succinic acid"
"108","Carbon dioxide"
"109","Pregnenolone"
"110","17a-Hydroxypregnenolone"
"111","Androstenedione"
"112","Progesterone"
"113","17-Hydroxyprogesterone"
"114","Testosterone"
"115","Carnitine"
"116","Acetic acid"
"117","Tyramine"
"118","Ammonia"
"119","4-Hydroxyphenylacetaldehyde"
"120","Serotonin"
"121","5-Hydroxyindoleacetaldehyde"
"122","Phenylethylamine"
"123","Phenylacetaldehyde"
"124","Oxidized glutathione"
"125","7-Dehydrodesmosterol"
"126","7-Dehydrocholesterol"
"127","Phosphoadenosine phosphosulfate"
"128","Adenosine 3'_5'-diphosphate"
"129","Pantothenic acid"
"130","D-4'-Phosphopantothenate"
"131","L-Cysteine"
"132","4-Phosphopantothenoylcysteine"
"133","Pantetheine 4'-phosphate"
"134","Dephospho-CoA"
"135","Leukotriene B4"
"136","Prostaglandin H2"
"137","Thromboxane A2"
"138","Prostaglandin I2"
"139","Estradiol"
"140","25-Hydroxycholesterol"
"141","20a_22b-Dihydroxycholesterol"
"142","4-Methylpentanal"
"143","Cortexolone"
"144","Deoxycorticosterone"
"145","Corticosterone"
"146","18-Hydroxycorticosterone"
"147","Aldosterone"
"148","Estrone"
"149","Formic acid"
"150","Lanosterin"
"151","Guanosine diphosphate"
"152","Guanosine triphosphate"
"153","Dodecanoic acid"
"154","12-Hydroxydodecanoic acid"
"155","Uridine triphosphate"
"156","Glucose 1-phosphate"
"157","Uridine diphosphate glucose"
"158","Cortisone"
"159","L-Glutamic acid"
"160","Glycerol 3-phosphate"
"161","myo-Inositol"
"162","Uridine 5'-monophosphate"
"163","Cytidine monophosphate"
"164","Malonyl-CoA"
"165","All-trans-retinoic acid"
"166","Indole"
"167","Niacinamide"
"168","Phosphoribosyl pyrophosphate"
"169","Nicotinic acid mononucleotide"
"170","Nicotinic acid"
"171","L-Lactic acid"
"172","Pyruvic acid"
"173","Sodium"
"174","S-Adenosylmethionine"
"175","S-Adenosylhomocysteine"
"176","Spermine"
"177","3-aminopropanal"
"178","Spermidine"
"179","N1-Acetylspermidine"
"180","Putrescine"
"181","N1-Acetylspermine"
"182","dIMP"
"183","Inosinic acid"
"184","D-Ribose 5-phosphate"
"185","22b-Hydroxycholesterol"
"186","Methylmalonyl-CoA"
"187","R-Methylmalonyl-CoA"
"188","Succinyl-CoA"
"189","Thyroxine"
"190","Iodide"
"191","Ubiquinone-1"
"192","QH2"
"193","L-Malic acid"
"194","Arachidonic acid"
"195","5(S)-Hydroperoxyeicosatetraenoic acid"
"196","CDP-diacylglycerol"
"197","Leukotriene A4"
"198","Leukotriene C4"
"199","Leukotriene D4"
"200","Leukotriene E4"
"201","Dihydroxyacetone phosphate"
"202","Dihydroxyacetone Phosphate Acyl Ester"
"203","1-Acyl-sn-glycerol 3-phosphate"
"204","PA(16:0/16:0)"
"205","Cytidine triphosphate"
"206","1-Phosphatidyl-1D-myo-inositol 5-phosphate"
"207","Phosphatidylinositol-4_5-bisphosphate"
"208","Phosphatidylinositol-3_4_5-trisphosphate"
"209","Prostaglandin D2"
"210","Palmitic acid"
"211","Vitamin D3"
"212","Calcidiol"
"213","Calcitriol"
"214","Linoleoyl-CoA"
"215","cis_cis-3_6-Dodecadienoyl-CoA"
"216","trans_cis-Lauro-2_6-dienoyl-CoA"
"217","Deoxyadenosine triphosphate"
"218","Deoxyadenosine monophosphate"
"219","p-Aminobenzoic acid"
"220","Aminosalicylic Acid"
"221","Sulfanilamide"
"222","Isoniazid"
"223","N-Acetylisoniazid"
"224","L-Arginine"
"225","Urea"
"226","Biotin"
"227","L-Lysine"
"228","N6_N6_N6-Trimethyl-L-lysine"
"229","3-Hydroxy-N6_N6_N6-Trimethyl-L-lysine"
"230","4-Trimethylammoniobutanal"
"231","4-Trimethylammoniobutanoic acid"
"232","L-Tyrosine"
"233","Tetrahydrobiopterin"
"234","L-Dopa"
"235","Dopamine"
"236","Norepinephrine"
"237","Epinephrine"
"238","3-Hydroxy-3-methylglutaryl-CoA"
"239","Mevalonic acid"
"240","Mevalonic acid-5P"
"241","(S)-5-Diphosphomevalonic acid"
"242","Isopentenyl pyrophosphate"
"243","Dimethylallylpyrophosphate"
"244","Geranyl-PP"
"245","Farnesyl pyrophosphate"
"246","Presqualene diphosphate"
"247","Squalene"
"248","(S)-2_3-Epoxysqualene"
"249","Oxalacetic acid"
"250","Citric acid"
"251","D-threo-Isocitric acid"
"252","Isocitric acid"
"253","Fumaric acid"
"254","Tetrahydrofolic acid"
"255","Guanidoacetic acid"
"256","Ornithine"
"257","Creatine"
"258","Iron"
"259","Trimethylamine"
"260","Hydrogen carbonate"
"261","Alpha-D-Glucose"
"262","D-Fructose(open-chain)"
"263","D-Fructose (furanose)"
"264","Fructose 1-phosphate"
"265","D-Glyceraldehyde"
"266","D-Glyceraldehyde 3-phosphate"
"267","Cyclic AMP"
"268","L-Aspartic acid"
"269","Phosphoenolpyruvic acid"
"270","2-Phospho-D-glyceric acid"
"271","3-Phospho-D-glycerate"
"272","Glyceric acid 1_3-biphosphate"
"273","Fructose 1_6-bisphosphate"
"274","Fructose 6-phosphate"
"275","Glucose 6-phosphate"
"276","Uridine 5'-diphosphate"
"277","Bilirubin"
"278","Bilirubin monoglucuronide"
"279","Bilirubin diglucuronide"
"280","L(-)-Nicotine"
"281","Oxirane"
"282","NH4+"
"283","D-Fructose 2_6-bisphosphate"
"284","Globoside"
"285","Globotriaosylceramide"
"286","Sulfatide"
"287","Ceramide (d18:1/12:0)"
"288","L-Histidine"
"289","Urocanic acid"
"290","4-Imidazolone-5-propionic acid"
"291","Formiminoglutamic acid"
"292","5-Formiminotetrahydrofolic acid"
"293","Histamine"
"294","1-Methylhistamine"
"295","Beta-Alanine"
"296","Saccharopine"
"297","Allysine"
"298","Aminoadipic acid"
"299","Oxoadipic acid"
"300","Glutaryl-CoA"
"301","Folic acid"
"302","Dihydrofolic acid"
"303","Tetrahydrofolyl-[Glu](2)"
"304","10-Formyltetrahydrofolate"
"305","Adenosine"
"306","L-Alanine"
"307","Adenine"
"308","Pyridine"
"309","N-Methylpyridinium"
"310","Protocatechuic acid"
"311","Quinolinic acid"
"312","Nicotinic acid adenine dinucleotide"
"313","L-Glutamine"
"314","L-Phenylalanine"
"315","4-Hydroxyphenylpyruvic acid"
"316","Homogentisic acid"
"317","Maleylacetoacetic acid"
"318","4-Fumarylacetoacetic acid"
"319","Acetoacetic acid"
"320","Guanosine monophosphate"
"321","L-Proline"
"322","(S)-1-Pyrroline-5-carboxylate"
"323","L-Glutamic gamma-semialdehyde"
"324","Deoxyadenosine"
"325","Guanosine"
"326","Inosine"
"327","2'-Deoxyguanosine 5'-monophosphate"
"328","Deoxyguanosine"
"329","Deoxyinosine"
"330","Guanine"
"331","Ribose 1-phosphate"
"332","Deoxyribose 1-phosphate"
"333","Hypoxanthine"
"334","Xanthine"
"335","Uric acid"
"336","Xanthylic acid"
"337","5-Phosphoribosylamine"
"338","Glycineamideribotide"
"339","5'-Phosphoribosyl-N-formylglycinamide"
"340","Phosphoribosylformylglycineamidine"
"341","5-Aminoimidazole ribonucleotide"
"342","5-amino-1-(5-phospho-D-ribosyl)imidazole-4-carboxylate"
"343","SAICAR"
"344","AICAR"
"345","Adenylsuccinic acid"
"346","Carbamoyl phosphate"
"347","Ureidosuccinic acid"
"348","4_5-Dihydroorotic acid"
"349","Orotic acid"
"350","Orotidylic acid"
"351","5-Thymidylic acid"
"352","dUMP"
"353","Uridine 2'-phosphate"
"354","3'-UMP"
"355","Thymidine"
"356","Uridine"
"357","Deoxyuridine"
"358","Cytidine"
"359","dCMP"
"360","Deoxycytidine"
"361","Uracil"
"362","Thymine"
"363","Dihydrouracil"
"364","Ureidopropionic acid"
"365","Dihydrothymine"
"366","Ureidoisobutyric acid"
"367","(R)-b-aminoisobutyric acid"
"368","2-Methyl-3-oxopropanoic acid"
"369","Vitamin A"
"370","L-Tryptophan"
"371","Oxitriptan"
"372","N-Acetylserotonin"
"373","Melatonin"
"374","(R)-3-Hydroxybutyric acid"
"375","Iodine"
"376","Iodotyrosine"
"377","3_5-Diiodo-L-tyrosine"
"378","Acyl-CoA"
"379","L-Isoleucine"
"380","L-Leucine"
"381","L-Valine"
"382","N'-Formylkynurenine"
"383","L-Kynurenine"
"384","L-3-Hydroxykynurenine"
"385","3-Hydroxyanthranilic acid"
"386","2-Amino-3-carboxymuconic acid semialdehyde"
"387","2-Aminomuconic acid semialdehyde"
"388","N-Acetylglutamic acid"
"389","Citrulline"
"390","Argininosuccinic acid"
"391","Thiamine"
"392","Thiamine pyrophosphate"
"393","Riboflavin"
"394","Flavin Mononucleotide"
"395","Pyridoxal 5'-phosphate"
"396","Aflatoxin B1"
"397","L-Asparagine"
"398","Ketoleucine"
"399","3-Methyl-2-oxovaleric acid"
"400","Alpha-ketoisovaleric acid"
"401","Isovaleryl-CoA"
"402","2-Methylbutyryl-CoA"
"403","Isobutyryl-CoA"
"404","3-Methylcrotonyl-CoA"
"405","3-Methylglutaconyl-CoA"
"406","Tiglyl-CoA"
"407","2-Methyl-3-hydroxybutyryl-CoA"
"408","2-Methylacetoacetyl-CoA"
"409","Methacrylyl-CoA"
"410","(S)-3-Hydroxyisobutyryl-CoA"
"411","Xylulose 5-phosphate"
"412","D-Galactose"
"413","Galactose 1-phosphate"
"414","5-Aminolevulinic acid"
"415","Porphobilinogen"
"416","Hydroxymethylbilane"
"417","Uroporphyrinogen III"
"418","Coproporphyrinogen III"
"419","Protoporphyrin IX"
"420","Heme"
"421","Biliverdin"
"422","Carbon monoxide"
"423","D-Erythrose 4-phosphate"
"424","D-Sedoheptulose 7-phosphate"
"425","dADP"
"426","CDP"
"427","dCDP"
"428","dGDP"
"429","dUDP"
"430","dTDP"
"431","dGTP"
"432","dCTP"
"433","Thymidine 5'-triphosphate"
"434","Deoxyuridine triphosphate"
"435","6-Phosphonoglucono-D-lactone"
"436","6-Phosphogluconic acid"
"437","D-Ribulose 5-phosphate"
"438","doxorubicinol"
"439","Magnesium"
"440","Calcium"
"441","Zinc (II) ion"
"442","Inositol 1_4_5-trisphosphate"
"443","1D-Myo-inositol 1_4-bisphosphate"
"444","D-Myo-inositol 4-phosphate"
"445","1D-Myo-inositol 1_3-bisphosphate"
"446","1D-Myo-inositol 3_4-bisphosphate"
"447","Myo-inositol 1-phosphate"
"448","1D-Myo-inositol 1_4_5_6-tetrakisphosphate"
"449","Myo-inositol hexakisphosphate"
"450","5-Diphosphoinositol pentakisphosphate"
"451","Beta-D-Glucose"
"452","Beta-D-Glucose 6-phosphate"
"453","Beta-D-Fructose 6-phosphate"
"454","beta-D-Fructose 1_6-bisphosphate"
"455","S-Acetyldihydrolipoamide-E"
"456","Enzyme N6-(lipoyl)lysine"
"457","Enzyme N6-(dihydrolipoyl)lysine"
"458","2_3-Diphosphoglyceric acid"
"459","[Dihydrolipoyllysine-residue succinyltransferase] S-succinyldihydrolipoyllysine"
"460","2-(a-Hydroxyethyl)thiamine diphosphate"
"461","Gluconic acid"
"462","Deoxyribose 5-phosphate"
"463","3-Methoxy-4-hydroxyphenylglycol glucuronide"
"464","D-Xylitol"
"465","D-Glucuronic acid"
"466","L-Arabinose"
"467","D-Xylose"
"468","Gulonic acid"
"469","Sorbitol"
"470","Mannose 6-phosphate"
"471","D-Mannose 1-phosphate"
"472","Guanosine diphosphate mannose"
"473","GDP-4-Dehydro-6-deoxy-D-mannose"
"474","GDP-L-fucose"
"475","Fucose 1-phosphate"
"476","D-Mannose"
"477","L-Fucose"
"478","Raffinose"
"479","Alpha-Lactose"
"480","Sucrose"
"481","D-Glucose"
"482","Butyryl-[acp]"
"483","3-Oxohexanoyl-[acp]"
"484","Hexanoyl-[acp]"
"485","3-Oxooctanoyl-[acp]"
"486","3-Oxodecanoyl-[acp]"
"487","Octanoyl-[acp]"
"488","Decanoyl-[acp]"
"489","3-Oxododecanoyl-[acp]"
"490","3-Oxotetradecanoyl-[acp]"
"491","Tetradecanoyl-[acp]"
"492","3-Oxohexadecanoyl-[acp]"
"493","Hexadecanoyl-[acp]"
"494","Acetoacetyl-[acp]"
"495","3-Oxoacyl-CoA"
"496","(S)-3-hydroxyacyl-CoA"
"497","2_3-trans-enoyl CoA"
"498","Dehydroacyl-CoA"
"499","Very-long-chain (3R)-3-hydroxyacyl-CoA"
"500","Very-long-chain trans-2_3-dehydroacyl-CoA"
"501","Long-chain acyl-CoA"
"502","Very-long-chain acyl-CoA"
"503","Very-long-chain 3-oxoacyl-CoA"
"504","Long-chain fatty acid"
"505","Aldehyde"
"506","L-Palmitoylcarnitine"
"507","Delta 8_14 -Sterol"
"508","4a-Methylfecosterol"
"509","5-Dehydroavenasterol"
"510","Avenasterol"
"511","5-Dehydroepisterol"
"512","24-Methylenecholesterol"
"513","4_4-Dimethylcholesta-8_14_24-trienol"
"514","4_4-Dimethyl-5a-cholesta-8_24-dien-3-b-ol"
"515","4a-Carboxy-4b-methyl-5a-cholesta-8_24-dien-3b-ol"
"516","3-Keto-4-methylzymosterol"
"517","Zymosterol intermediate 2"
"518","5a-Cholesta-7_24-dien-3b-ol"
"519","5a-Cholest-8-en-3b-ol"
"520","Lathosterol"
"521","Campesterol"
"522","26-Hydroxycholesterol"
"523","7-a_27-Dihydroxycholesterol"
"524","5-b-Cholestane-3a _7a _12a-triol"
"525","(25S)-3alpha_7alpha_12alpha-Trihydroxy-5beta-cholestan-26-oyl-CoA"
"526","Choloyl-CoA"
"527","4-Cholesten-7alpha_12alpha-diol-3-one"
"528","3a_7a-Dihydroxy-5b-cholestane"
"529","3alpha_7alpha-Dihydroxy-5beta-cholestanate"
"530","(25R)-3alpha_7alpha-Dihydroxy-5beta-cholestanoyl-CoA"
"531","(25S)-3alpha_7alpha-Dihydroxy-5beta-cholestanoyl-CoA_AMACR"
"532","(25S)-3alpha_7alpha-Dihydroxy-5beta-cholestanoyl-CoA"
"533","3a_7a-Dihydroxy-5b-cholest-24-enoyl-CoA"
"534","Chenodeoxycholoyl-CoA"
"535","3a_7a-Dihydroxy-5b-24-oxocholestanoyl-CoA"
"536","7-a_25-Dihydroxycholesterol"
"537","3beta_7alpha-Dihydroxy-5-cholestenoate"
"538","2-Polyprenyl-6-methoxy-1_4-benzoquinone"
"539","2-Hexaprenyl-6-methoxy-1_4-benzoquinone"
"540","2-Octaprenyl-6-methoxy-1_4-benzoquinone"
"541","2-Polyprenyl-3-methyl-6-methoxy-1_4-benzoquinone"
"542","2-Hexaprenyl-3-methyl-6-methoxy-1_4 benzoquinone"
"543","2-Octaprenyl-3-methyl-6-methoxy-1_4-benzoquinone"
"544","Ubiquinone-6"
"545","Ubiquinone-8"
"546","Coenzyme Q9"
"547","all-trans-Polyprenyl diphosphate"
"548","All-trans-hexaprenyl diphosphate"
"549","Octaprenyl diphosphate"
"550","all-trans-Nonaprenyl diphosphate"
"551","all-trans-Decaprenyl diphosphate"
"552","2-Polyprenyl-3-methyl-5-hydroxy-6-methoxy-1_4-benzoquinone"
"553","2-Hexaprenyl-3-methyl-5-hydroxy-6-methoxy-1_4-benzoquinone"
"554","2-Octaprenyl-3-methyl-5-hydroxy-6-methoxy-1_4-benzoquinone"
"555","Menaquinol"
"556","2_3-Epoxymenaquinone"
"557","Vitamin K2"
"558","Vitamin K1"
"559","Phylloquinol"
"560","Vitamin K1 2_3-epoxide"
"561","20alpha-Hydroxycholesterol"
"562","17a_20a-Dihydroxycholesterol"
"563","21-Hydroxypregnenolone"
"564","5alpha-Dihydrodeoxycorticosterone"
"565","11b_21-Dihydroxy-3_20-oxo-5b-pregnan-18-al"
"566","Tetrahydrocorticosterone"
"567","3a_21-Dihydroxy-5b-pregnane-11_20-dione"
"568","11b-Hydroxyprogesterone"
"569","5beta-Pregnane-3_20-dione"
"570","5a-Pregnane-3_20-dione"
"571","Allopregnanolone"
"572","5alpha-Pregnan-20alpha-ol-3-one"
"573","21-Deoxycortisol"
"574","17alpha_21-Dihydroxypregnenolone"
"575","Cortisol"
"576","Dihydrocortisol"
"577","17a_21-Dihydroxy-5b-pregnane-3_11_20-trione"
"578","11b_17a_21-Trihydroxypreg-nenolone"
"579","Dehydroepiandrosterone"
"580","16a-Hydroxydehydroisoandrosterone"
"581","5-Androstenediol"
"582","11b-Hydroxyandrost-4-ene-3_17-dione"
"583","Etiocholanedione"
"584","Etiocholanolone"
"585","Androstanedione"
"586","Androsterone"
"587","Dihydrotestosterone"
"588","2-Hydroxyestrone"
"589","2-Methoxyestrone"
"590","16b-Hydroxyestrone"
"591","Estriol"
"592","2-Hydroxyestradiol"
"593","2-Methoxyestradiol"
"594","Adenosine phosphosulfate"
"595","2'-Deoxyinosine triphosphate"
"596","Inosine triphosphate"
"597","IDP"
"598","Xanthosine"
"599","Xanthosine 5-triphosphate"
"600","Guanosine 3'_5'-bis(diphosphate)"
"601","Cyclic GMP"
"602","dIDP"
"603","1-Methylxanthine"
"604","(R)-5_6-Dihydrothymine"
"605","(R)-3-Ureidoisobutyrate"
"606","Glucosamine 6-phosphate"
"607","Gamma-Aminobutyric acid"
"608","Succinic acid semialdehyde"
"609","N-Acetyl-L-aspartic acid"
"610","N-Acetylaspartylglutamic acid"
"611","Hydroxypyruvic acid"
"612","Phosphohydroxypyruvic acid"
"613","Phosphoserine"
"614","L-Serine"
"615","Betaine aldehyde"
"616","Betaine"
"617","Dimethylglycine"
"618","Sarcosine"
"619","5_10-Methylene-THF"
"620","L-Cystathionine"
"621","Glyoxylic acid"
"622","Pyruvaldehyde"
"623","2-Ketobutyric acid"
"624","Choline"
"625","Glyceric acid"
"626","Cysteic acid"
"627","3-Mercaptopyruvic acid"
"628","Thiosulfate"
"629","Sulfite"
"630","3-Sulfinoalanine"
"631","Homocysteine"
"632","L-Methionine"
"633","S-Adenosylmethioninamine"
"634","5'-Methylthioadenosine"
"635","5-Methylthioribose 1-phosphate"
"636","5-Methylthioribulose 1-phosphate"
"637","2_3-Diketo-5-methylthiopentyl-1-phosphate"
"638","1_2-dihydroxy-3-keto-5-methylthiopentene"
"639","2-Oxo-4-methylthiobutanoic acid"
"640","3-Sulfopyruvic acid"
"641","L-Alpha-aminobutyric acid"
"642","gamma-L-Glutamyl-L-2-aminobutyrate"
"643","methylbutanoyl)dihydrolipoyllysine"
"644","(S)-2-Methylbutanoyl-CoA"
"645","S-(2-Methylbutanoyl)-dihydrolipoamide-E"
"646","(3S)-3-Methyl-2-oxopentanoic acid"
"647","S-(2-Methylpropanoyl)-dihydrolipoamide-E"
"648","(S)-3-Hydroxyisobutyric acid"
"649","(S)-Methylmalonic acid semialdehyde"
"650","Methylmalonic acid"
"651","L-Threonine"
"652","S-Glutaryldihydrolipoamide"
"653","Protein lysine"
"654","Protein N6-methyl-L-lysine"
"655","Ne_Ne dimethyllysine"
"656","procollagen 5-hydroxy-L-lysine"
"657","5-Phosphooxy-L-lysine"
"658","Agmatine"
"659","4-Aminobutyraldehyde"
"660","N-Acetylputrescine"
"661","N4-Acetylaminobutanal"
"662","L-Glutamic acid 5-phosphate"
"663","4-Hydroxyproline"
"664","1-Pyrroline-2-carboxylic acid"
"665","Pyrroline hydroxycarboxylic acid"
"666","L-erythro-4-Hydroxyglutamate"
"667","(4R)-4-Hydroxy-2-oxoglutarate"
"668","Anserine"
"669","Carnosine"
"670","Imidazole-4-acetaldehyde"
"671","Methylimidazole acetaldehyde"
"672","3-Methoxytyramine"
"673","Homovanillin"
"674","Homovanillic acid"
"675","3_4-Dihydroxybenzeneacetic acid"
"676","3_4-Dihydroxyphenylacetaldehyde"
"677","3_4-Dihydroxymandelaldehyde"
"678","3_4-Dihydroxymandelic acid"
"679","3_4-Dihydroxyphenylglycol"
"680","Vanillylmandelic acid"
"681","3-Methoxy-4-hydroxyphenylglycolaldehyde"
"682","Metanephrine"
"683","Normetanephrine"
"684","5_6-Dihydroxyindole-2-carboxylic acid"
"685","Phenylpyruvic acid"
"686","Ortho-Hydroxyphenylacetic acid"
"687","5-Hydroxykynurenamine"
"688","5-Hydroxykynurenine"
"689","5-Hydroxy-N-formylkynurenine"
"690","2-Aminobenzoic acid"
"691","Indoleacetaldehyde"
"692","Tryptamine"
"693","5-Hydroxyindoleacetic acid"
"694","L-Formylkynurenine"
"695","Formylanthranilic acid"
"696","Indolepyruvate"
"697","3-Aminopropionaldehyde"
"698","Malonic semialdehyde"
"699","3-Hydroxypropionyl-CoA"
"700","Acrylyl-CoA"
"701","Hypotaurine"
"702","CMP-2-aminoethylphosphonate"
"703","CMP-N-trimethyl-2-aminoethylphosphonate"
"704","Selenomethionine"
"705","Methaneselenol"
"706","Hydrogen selenide"
"707","Phosphoroselenoic acid"
"708","O-Phosphoseryl-tRNA(Sec)"
"709","Se-Methylselenocysteine"
"710","gamma-Glutamylalanine"
"711","Pyroglutamic acid"
"712","gamma-Glutamylcysteine"
"713","Cysteinylglycine"
"714","R-S-Glutathione"
"715","R-S-Cysteinylglycine"
"716","Starch"
"717","Amylose"
"718","D-Glucose 6-phosphate"
"719","D-Maltose"
"720","Dextrin"
"721","Dolichol phosphate"
"722","Dolichyl phosphate D-mannose"
"723","Dolichyl b-D-glucosyl phosphate"
"724","Dolichyl diphosphate"
"725","(GlcNAc)2 (Man)1 (PP-Dol)1"
"726","(GlcNAc)2 (Man)3 (PP-Dol)1"
"727","(GlcNAc)2 (Man)5 (PP-Dol)1"
"728","(GlcNAc)2 (Man)7 (PP-Dol)1"
"729","(GlcNAc)2 (Man)9 (PP-Dol)1"
"730","(Glc)3 (GlcNAc)2 (Man)9 (PP-Dol)1"
"731","(Glc)3 (GlcNAc)2 (Man)9 (Asn)1"
"732","(Glc)2 (GlcNAc)2 (Man)9 (Asn)1"
"733","(GlcNAc)2 (Man)5 (Asn)1"
"734","(GlcNAc)3 (Man)5 (Asn)1"
"735","(GlcNAc)3 (Man)3 (Asn)1"
"736","(GlcNAc)4 (Man)3 (Asn)1"
"737","(GlcNAc)4 (LFuc)1 (Man)3 (Asn)1"
"738","(Gal)2 (GlcNAc)4 (LFuc)1 (Man)3 (Asn)1"
"739","(GlcNAc)5 (Man)3 (Asn)1"
"740","(GlcNAc)6 (Man)3 (Asn)1"
"741","N-Acetyl-D-glucosaminyldiphosphodolichol"
"742","N_N'-Chitobiosyldiphosphodolichol"
"743","(GlcNAc)2 (Man)9 (Asn)1"
"744","DS 3"
"745","Tn antigen"
"746","(Gal)1 (GalNAc)1 (Neu5Ac)1 (Ser/Thr)1"
"747","(GalNAc)1 (GlcNAc)1 (Ser/Thr)1"
"748","(Gal)1 (GalNAc)1 (GlcNAc)1 (Ser/Thr)1"
"749","T antigen"
"750","(Man)1 (Ser/Thr)1"
"751","(GlcNAc)1 (Man)1 (Ser/Thr)1"
"752","O-Mannose core M1"
"753","(Gal)1 (GlcA)1 (GlcNAc)1 (Man)1 (Ser/Thr)1"
"754","(GlcNAc)2 (Man)1 (Ser/Thr)1"
"755","O-Mannose core M2"
"756","(Gal)2 (GlcA)1 (GlcNAc)2 (Man)1 (Ser/Thr)1"
"757","O-mannose core M3"
"758","Phospho-core M3"
"759","(GalNAc)1 (GlcNAc)1 (Man)1 (Rib-ol)1 (P)2 (Ser/Thr)1"
"760","(GalNAc)1 (GlcNAc)1 (Man)1 (Rib-ol)2 (P)3 (Ser/Thr)1"
"761","(GalNAc)1 (GlcNAc)1 (Man)1 (Rib-ol)2 (Xyl)1 (P)3 (Ser/Thr)1"
"762","(GalNAc)1 (GlcA)1 (GlcNAc)1 (Man)1 (Rib-ol)2 (Xyl)1 (P)3 (Ser/Thr)1"
"763","(GalNAc)1 (GlcA)1 (GlcNAc)1 (Man)1 (Rib-ol)2 (Xyl)2 (P)3 (Ser/Thr)1"
"764","CDP-ribitol"
"765","Chitobiose"
"766","N-Acetyl-D-glucosamine"
"767","N-Acetyl-D-Glucosamine 6-Phosphate"
"768","N-Acetyl-alpha-D-glucosamine 1-phosphate"
"769","Uridine diphosphate-N-acetylglucosamine"
"770","N-Acetylmannosamine"
"771","N-Acetyl-D-mannosamine 6-phosphate"
"772","N-Acetylneuraminic acid 9-phosphate"
"773","N-Acetylneuraminate"
"774","D-Fructose"
"775","(GalNAc)2 (GlcA)1 (LIdoA)1 (S)2"
"776","(GalNAc)2 (GlcA)1 (S)2"
"777","(GalNAc)2 (GlcA)1 (S)1"
"778","(GlcA)2 (GlcN)1 (GlcNAc)1 (LIdoA)1 (S)4"
"779","(GlcA)2 (GlcN)1 (GlcNAc)1 (LIdoA)1 (S)3"
"780","(GlcA)2 (GlcN)1 (GlcNAc)1 (S)3"
"781","(GlcA)2 (GlcN)1 (GlcNAc)1 (S)2"
"782","(GlcA)2 (GlcNAc)2 (S)2"
"783","(GlcA)1 (GlcNAc)1 (S)1"
"784","(Gal)1 (GlcNAc)2 (S)1"
"785","(Gal)1 (GlcNAc)2 (S)2"
"786","(Gal)2 (GlcNAc)2 (S)2"
"787","Heparan sulfate"
"788","(GlcA)2 (GlcNAc)2"
"789","(Xyl)1 (Ser)1"
"790","(Gal)1 (Xyl)1 (Ser)1"
"791","(Gal)2 (Xyl)1 (Ser)1"
"792","(Gal)2 (GlcA)1 (Xyl)1 (Ser)1"
"793","(Gal)2 (GalNAc)1 (GlcA)1 (Xyl)1 (Ser)1"
"794","(Gal)2 (GalNAc)1 (GlcA)2 (Xyl)1 (Ser)1"
"795","1-Acylglycerol"
"796","1_2-Diacyl-sn-glycerol"
"797","1-Phosphatidyl-1D-myo-inositol 3_4-bisphosphate"
"798","1-Phosphatidyl-1D-myo-inositol 3-phosphate"
"799","Inositol phosphate"
"800","Inositol 1_3_4_5-tetraphosphate"
"801","Inositol 1_3_4-trisphosphate"
"802","1D-Myo-inositol 1_3_4_6-tetrakisphosphate"
"803","Inositol 1_3_4_5_6-pentakisphosphate"
"804","1-Phosphatidyl-1D-myo-inositol 3_5-bisphosphate"
"805","(GlcN)1 (Ino-P)1"
"806","(GlcN)1 (Ino(acyl)-P)1"
"807","(GlcN)1 (Ino(acyl)-P)1 (Man)1"
"808","gl:G00147"
"809","(GlcN)1 (Ino(acyl)-P)1 (Man)2 (EtN)1 (P)1"
"810","(GlcN)1 (Ino(acyl)-P)1 (Man)3 (EtN)1 (P)1"
"811","(GlcN)1 (Ino(acyl)-P)1 (Man)3 (EtN)2 (P)2"
"812","(GlcNAc)1 (Ino-P)1"
"813","PS(16:0/16:0)"
"814","PE(O-18:1(1Z)/20:4(5Z_8Z_11Z_14Z))"
"815","LysoPC(18:1(9Z))"
"816","2-Acyl-sn-glycero-3-phosphocholine"
"817","Glycerophosphocholine"
"818","Citicoline"
"819","Phosphorylcholine"
"820","CDP-Ethanolamine"
"821","O-Phosphoethanolamine"
"822","Ethanolamine"
"823","Glycerylphosphorylethanolamine"
"824","Phosphatidyl-N-methylethanolamine"
"825","Cardiolipin"
"826","Phosphatidylglycerol"
"827","PC(18:1(9Z)e/2:0)"
"828","LysoPC(O-18:0)"
"829","1-Radyl-2-acyl-sn-glycero-3-phosphocholine"
"830","1-Alkyl-2-acylglycerol"
"831","PE(P-16:0e/16:0)"
"832","1-(1-Alkenyl)-sn-glycero-3-phosphoethanolamine"
"833","Galactosyl-1-alkyl-2-acylglycerol"
"834","Prostaglandin E2"
"835","15(S)-HPETE"
"836","5_6-Epoxy-8_11_14-eicosatrienoic acid"
"837","8_9-Epoxyeicosatrienoic acid"
"838","11_12-Epoxyeicosatrienoic acid"
"839","14_15-Epoxy-5_8_11-eicosatrienoic acid"
"840","Prostaglandin F2a"
"841","Linoleic acid"
"842","Alpha-Linolenic acid"
"843","OPC6-CoA"
"844","OPC4-CoA"
"845","3-Dehydrosphinganine"
"846","Sphinganine"
"847","Dihydroceramide"
"848","Sphingosine"
"849","Sphingosine 1-phosphate"
"850","Sphinganine 1-phosphate"
"851","Galactosylceramide (d18:1/16:0)"
"852","Galabiosylceramide (d18:1/9Z-18:1)"
"853","Glucosylceramide"
"854","Phytosphingosine"
"855","Lactosylceramide (d18:1/12:0)"
"856","Lc3Cer"
"857","Paragloboside"
"858","Sialyl-3-paragloboside"
"859","IV2Fuc-nLc4Cer"
"860","Type II B antigen"
"861","Type IIIH glycolipid"
"862","nLc5Cer"
"863","nLc6Cer"
"864","(Gal)4 (Glc)1 (GlcNAc)3 (LFuc)1 (Cer)1"
"865","(Gal)4 (Glc)1 (GlcNAc)3 (LFuc)2 (Cer)1"
"866","V3Fuc-nLc6Cer"
"867","(Gal)4 (GalNAc)1 (Glc)1 (GlcNAc)2 (LFuc)2 (Cer)1"
"868","VI2Fuc-nLc6"
"869","(Gal)3 (Glc)1 (GlcNAc)2 (LFuc)2 (Cer)1"
"870","Lactosylceramide"
"871","Lc4Cer"
"872","IV2Fuc-Lc4Cer"
"873","Type IA glycolipid"
"874","Type IB glycolipid"
"875","Galactosylgloboside"
"876","Monosialylgalactosylgloboside"
"877","iGb3-Cer"
"878","iGb4-Cer"
"879","GM3"
"880","GD3"
"881","(Gal)1 (GalNAc)1 (Glc)1 (Cer)1"
"882","GA1"
"883","GM1b"
"884","GM2"
"885","GM1"
"886","GD1a"
"887","GD2"
"888","GD1b"
"889","GT1b"
"890","GT3"
"891","GT2"
"892","S-Lactoylglutathione"
"893","D-Lactic acid"
"894","Acetyl adenylate"
"895","Glycolic acid"
"896","Tartronate semialdehyde"
"897","Propinol adenylate"
"898","Enzyme N6-(S-propyldihydrolipoyl)lysine"
"899","5-Methyltetrahydrofolic acid"
"900","Folinic acid"
"901","5_10-Methenyltetrahydrofolic acid"
"902","Pyridoxal"
"903","Pyridoxamine"
"904","Pyridoxamine 5'-phosphate"
"905","Pyridoxine 5'-phosphate"
"906","Pyridoxine"
"907","1-Methylnicotinamide"
"908","Nicotinamide riboside"
"909","Nicotinamide ribotide"
"910","Nicotinate D-ribonucleoside"
"911","Pantetheine"
"912","Biotinyl-5'-AMP"
"913","Holo-[carboxylase]"
"914","Lipoyl-[acp]"
"915","Protein N6-(octanoyl)lysine"
"916","Protein N6-(lipoyl)lysine"
"917","Dihydroneopterin triphosphate"
"918","Precursor Z"
"919","Dyspropterin"
"920","6-Lactoyltetrahydropterin"
"921","9-cis-Retinal"
"922","Retinyl ester"
"923","Retinyl palmitate"
"924","11-cis-Retinol"
"925","Retinal"
"926","4-Hydroxyretinoic acid"
"927","Protoporphyrinogen IX"
"928","Heme O"
"929","Fe2+"
"930","Geranylgeranyl-PP"
"931","Protein C-terminal S-farnesyl-L-cysteine"
"932","Sulfate"
"933","L-Methionyl-tRNA"
"934","L-Seryl-tRNA(Sec)"
"935","Glutaminyl-tRNA"
"936","L-Asparaginyl-tRNA(Asn)"
"937","13-cis-retinol"
"938","11-dehydrocorticosterone"
"939","oracin"
"940","daunorubicin"
"941","sepiapterin"
"942","7_8-dihydrobiopterin"
"943","doxorubicin"
"944","menadione"
"945","naphthazarin"
"946","D-glyceraldehyde"
"947","4-hydroxybutyrate"
"948","aldose"
"949","Naloxone"
"950","Naltrexone"
"951","acetohexamide"
"952","5alpha-androstane-3beta_17beta-diol"
"953","3alpha-androstanediol"
"954","9-cis-retinol"
"955","n-nonanol"
"956","3-hydroxybutyryl-CoA"
"957","17beta-estradiol"
"958","ascorbate"
"959","nitric oxide"
"960","nitrite"
"961","thiocyanate"
"962","cysteamine"
"963","lipoxin A4"
"964","D-tryptophan"
"965","beta-carotene"
"966","L-carnitine"
"967","phytanoyl-CoA"
"968","2-hydroxyphytanoyl-CoA"
"969","24_25-dihydrolanosterol"
"970","obtusifoliol"
"971","CO"
"972","16alpha-hydroxyprogesterone"
"973","ferrocytochrome b5"
"974","calciferol"
"975","quinine"
"976","3-hydroxyquinine"
"977","albendazole"
"978","fenbendazole"
"979","docosahexaenoate"
"980","myristic acid"
"981","reduced adrenodoxin"
"982","4a-hydroxytetrahydrobiopterin"
"983","6_7-dihydropteridine"
"984","5-hydroxy-L-tryptophan"
"985","1-alkyl-sn-glycerol"
"986","dehydroascorbate"
"987","dopaquinone"
"988","CMP-N-acetylneuraminate"
"989","CMP-N-glycoloylneuraminate"
"990","ferricytochrome b5"
"991","palmitoleoyl-CoA"
"992","stearoyl-CoA"
"993","oleoyl-CoA"
"994","gamma-linolenic acid"
"995","gamma-linolenoyl-CoA"
"996","alpha-linolenoyl-CoA"
"997","stearidonoyl-CoA"
"998","prostaglandin G2"
"999","thioredoxin"
"1000","thioredoxin disulfide"
"1001","1_4-dithiothreitol"
"1002","D-glyceraldehyde 3-phosphate"
"1003","alpha-aminoadipate semialdehyde"
"1004","3_3'_5'-triiodo-L-thyronine"
"1005","cholest-4-en-3-one"
"1006","desmosterol"
"1007","ubiquinone"
"1008","pentanoyl-CoA"
"1009","pent-2-enoyl-CoA"
"1010","D-aspartate"
"1011","benzylamine"
"1012","benzaldehyde"
"1013","methylamine"
"1014","1-pyrroline-5-carboxylate"
"1015","L-pipecolate"
"1016","5_6_7_8-tetrahydropteridine"
"1017","dihydrolipoamide"
"1018","lipoamide"
"1019","L-cystine"
"1020","cytochrome c"
"1021","hydrogen sulfide"
"1022","sulfide"
"1023","arsenite"
"1024","methylarsonate"
"1025","methylarsonite"
"1026","dimethylarsinate"
"1027","phenylethanolamine"
"1028","N-methylphenylethanolamine"
"1029","octanoyl-L-carnitine"
"1030","peptide"
"1031","N-acetyl-L-histidine"
"1032","4-nitrophenol"
"1033","triethylenetetramine"
"1034","N1_N12-diacetylspermine"
"1035","acetylcholine"
"1036","O-acetylcarnitine"
"1037","glycylpeptide"
"1038","chitobiosyldiphosphodolichol"
"1039","UDP-N-acetyl-D-glucosamine"
"1040","N-acetyllactosamine"
"1041","naproxen"
"1042","10-gingerol"
"1043","genistein"
"1044","zidovudine"
"1045","labetalol"
"1046","etoposide"
"1047","3-hydroxyflavone"
"1048","estrogen"
"1049","curcumin"
"1050","frusemide"
"1051","gemfibrozil"
"1052","trans-resveratrol"
"1053","chenodeoxycholic acid"
"1054","deoxycholic acid"
"1055","ursodeoxycholic acid"
"1056","UDP-N-acetyl-D-galactosamine"
"1057","D-glucosyl-N-acylsphingosine"
"1058","ganglioside GM3"
"1059","ganglioside GM2"
"1060","UDP-D-xylose"
"1061","RX"
"1062","4-hydroxybenzoate"
"1063","solanesyl diphosphate"
"1064","propane-1_3-diamine"
"1065","dolichol"
"1066","ceramide 1-phosphate"
"1067","dihydroxyacetone"
"1068","5-methyldeoxycytidine"
"1069","rhodopsin"
"1070","3-phospho-D-glycerate"
"1071","phosphocreatine"
"1072","gemcitabine"
"1073","D-ribitol 5-phosphate"
"1074","GDP-alpha-D-glucose"
"1075","sphingomyelin"
"1076","molybdopterin"
"1077","cyanide"
"1078","1-naphthol"
"1079","2-naphthylamine"
"1080","caffeic acid"
"1081","aristolochic acid"
"1082","dopamine 3-O-sulfate"
"1083","dopamine 4-O-sulfate"
"1084","beta-estradiol 3-sulfate"
"1085","desipramine"
"1086","xanthurenic acid"
"1087","glycolithocholate"
"1088","glycolithocholate 3-sulfate"
"1089","cholic acid"
"1090","lithocholic acid"
"1091","dehydroepiandrosterone sulfate"
"1092","cholesterol sulfate"
"1093","chondroitin"
"1094","keratan"
"1095","estrone sulfate"
"1096","chondroitin 4'-sulfate"
"1097","cocaine"
"1098","methanol"
"1099","mycophenolate mofetil"
"1100","oseltamivir"
"1101","cholesteryl oleate"
"1102","oleate"
"1103","D-glucono-1_5-lactone"
"1104","1-arachidonoylglycerol"
"1105","2-arachidonoylglycerol"
"1106","triacylglycerol"
"1107","heptanoic acid"
"1108","candesartan"
"1109","diacetyl"
"1110","ecgonine methyl ester"
"1111","phospho-L-tyrosine"
"1112","1-O-alkyl-2-acetyl-sn-glycerol"
"1113","anandamide"
"1114","dermatan sulfate"
"1115","heparin"
"1116","cerebroside 3-sulfate"
"1117","chitin"
"1118","ganglioside GM1"
"1119","alpha_alpha-trehalose"
"1120","hyaluronan"
"1121","N-acetyl-beta-D-glucosamine"
"1122","3-methyladenine"
"1123","7-methylguanine"
"1124","8-oxo-7_8-dihydroguanine"
"1125","5-hydroxymethyluracil"
"1126","ADP-D-ribose"
"1127","Vasopressin"
"1128","angiotensin III"
"1129","oxytocin"
"1130","Gly-Pro"
"1131","melphalan"
"1132","angiotensin I"
"1133","angiotensin II"
"1134","Bradykinin"
"1135","angiotensinogen"
"1136","gonadotropin releasing hormone"
"1137","Luliberin"
"1138","fibrin"
"1139","Hemoglobin"
"1140","biotin amide"
"1141","epsilon-N-biotinyl-L-lysine"
"1142","N-acetyl-L-methionine"
"1143","tetracosanoate"
"1144","2-methyl-beta-alanine"
"1145","palmitoylethanolamide"
"1146","oleoylethanolamide"
"1147","oleamide"
"1148","Nomega_Nomega'-dimethyl-L-arginine"
"1149","dimethylamine"
"1150","phloretin"
"1151","phloretate"
"1152","phloroglucinol"
"1153","palmitaldehyde"
"1154","4-Hydroxy-2-oxoglutarate"
"1155","N-acetylneuraminate"
"1156","H2CO3"
"1157","triphosphate"
"1158","L-amino acid"
"1159","L-selenocysteine"
"1160","D-serine"
"1161","L-dopachrome"
"1162","allyl isothiocyanate"
"1163","benzyl isothiocyanate"
"1164","N-acetyl-alpha-D-glucosamine 1-phosphate"
"1165","arachidonoyl-CoA"
"1166","methotrexate"
"1167","quinol"
"1168","quinone"
"1169","Cu"
"1170","sedoheptulose-1_7-bisphosphate"
"1171","glycogenin"
"1172","glycogen"
"1173","maltohexaose"
"1174","maltotetraose"
"1175","maltotriose"
"1176","glucose-1_6-bisphosphate"
"1177","galactose"
"1178","alpha-D-galactose-1-phosphate"
"1179","galactosylglycerol"
"1180","tagatose-1_6-bisphosphate"
"1181","D-tagatose-6-phosphate"
"1182","3-keto-beta-D-galactose"
"1183","3-ketolactose"
"1184","D-tagatose"
"1185","galactitol"
"1186","D-mannose-1_6-bisphosphate"
"1187","L-xylulose"
"1188","D-xylulose"
"1189","D-xylonolactone"
"1190","L-arabitol"
"1191","3-dehydro-L-gulonate"
"1192","D-ribulose"
"1193","D-glucuronate 1-phosphate"
"1194","lactaldehyde"
"1195","propane-1_2-diol"
"1196","hydroxyacetone"
"1197","acetone"
"1198","D-lactaldehyde"
"1199","propanoate"
"1200","hydracrylate"
"1201","3-oxopropionyl-CoA"
"1202","2-hydroxyglutarate"
"1203","2-hydroxybutyrate"
"1204","ribose"
"1205","sedoheptulose-7-phosphate"
"1206","sedoheptulose"
"1207","sedoheptulose-1-phosphate"
"1208","ribitol"
"1209","deoxyribose"
"1210","Phosphoribosyl formamidocarboxamide"
"1211","glucosamine"
"1212","allantoate"
"1213","ureidoglycolate"
"1214","alloxan"
"1215","pseudouridine-5-phosphate"
"1216","DNA"
"1217","RNA"
"1218","ADP-glucose"
"1219","ADP-mannose"
"1220","3-sulfinylpyruvic acid"
"1221","2-oxoglutaramate"
"1222","D-alanine"
"1223","N-(omega)-hydroxyarginine"
"1224","homocarnosine"
"1225","1-pyrroline"
"1226","L-4-hydroxyglutamate semialdehyde"
"1227","N-acetylornithine"
"1228","4-acetamidobutanoate"
"1229","D-proline"
"1230","L-2-amino-3-oxobutanoic acid"
"1231","aminoacetone"
"1232","2-amino-3-oxoadipate"
"1233","dehydroalanine"
"1234","O-phospho-L-homoserine"
"1235","methylimidazoleacetic acid"
"1236","imidazole-4-acetate"
"1237","histone-N6-methyl-L-lysine"
"1238","histone-L-lysine"
"1239","1-piperideine-6-carboxylate"
"1240","5-(D-galactosyloxy)-L-lysine-procollagen"
"1241","1_2-D-glucosyl-5-D-(galactosyloxy)-L-lysine-procollagen"
"1242","3-hydroxykynurenamine"
"1243","4_8-dihydroxyquinoline"
"1244","indoleacetate"
"1245","4-(2-aminophenyl)-2_4-dioxobutanoate"
"1246","6-hydroxymelatonin"
"1247","hydroxymethylglutathione"
"1248","phenylacetate"
"1249","gentisate aldehyde"
"1250","2_5-dihydroxybenzoate"
"1251","formylglutathione"
"1252","S-(2-methylpropanoyl)-dihydrolipoamide"
"1253","S-(2-methylbutanoyl)-dihydrolipoamide"
"1254","S-(3-methylbutanoyl)-dihydrolipoamide"
"1255","L-3-amino-isobutanoate"
"1256","4-hydroxy-2-quinolinecarboxylic acid"
"1257","cinnavalininate"
"1258","4-(2-amino-3-hydroxyphenyl)-2_4-dioxobutanoate"
"1259","harman"
"1260","N-methyltryptamine"
"1261","4_6-dihydroxyquinoline"
"1262","2-hydroxy-3-phenylpropenoate"
"1263","salsolinol"
"1264","salsoline"
"1265","3-methoxy-4-hydroxyphenylethyleneglycol"
"1266","2-hydroxy-3-(4-hydroxyphenyl)propenoate"
"1267","N-methyltyramine"
"1268","4-hydroxyphenylacetate"
"1269","hordenine"
"1270","dopaminochrome"
"1271","reverse triiodthyronine"
"1272","5_6-indolequinone-2-carboxylate"
"1273","2-phenylacetamide"
"1274","phenylacetyl-CoA"
"1275","phenylacetylglycine"
"1276","DNA-5-methylcytosine"
"1277","3-(methylthio)propionic acid"
"1278","hydrogen-cyanide"
"1279","3-mercaptolactate"
"1280","(S)-3-sulfolactate"
"1281","thiocysteine"
"1282","selenate"
"1283","adenylylselenate"
"1284","3-phosphoadenylylselenate"
"1285","selenite"
"1286","selenocystathionine"
"1287","selenohomocysteine"
"1288","se-adenosyl-L-selenohomocysteine"
"1289","selenomethionine-se-oxide"
"1290","se-adenosylselenomethionine"
"1291","tRNA(met)"
"1292","selenomethionyl-tRNA(met)"
"1293","D-arginine"
"1294","5-guanidino-2-oxopentanoate"
"1295","D-ornithine"
"1296","5-amino-2-oxopentanoic acid"
"1297","3-hydroxyisobutyryl-CoA"
"1298","neungc"
"1299","dTDP-glucose"
"1300","4_6-dideoxy-4-oxo-dTDP-D-glucose"
"1301","dTDP-galactose"
"1302","tRNA(tyr)"
"1303","L-tyrosyl-tRNA(tyr)"
"1304","tRNA(ala)"
"1305","L-alanyl-tRNA(ala)"
"1306","tRNA(arg)"
"1307","L-arginyl-tRNA(arg)"
"1308","tRNA(asn)"
"1309","tRNA(asp)"
"1310","L-aspartyl-tRNA(asp)"
"1311","tRNA(cys)"
"1312","L-cysteinyl-tRNA(cys)"
"1313","tRNA(gln)"
"1314","tRNA(glu)"
"1315","L-glutamyl-tRNA(glu)"
"1316","tRNA(gly)"
"1317","glycyl-tRNA(gly)"
"1318","tRNA(his)"
"1319","L-histidyl-tRNA(his)"
"1320","tRNA(ile)"
"1321","L-isoleucyl-tRNA(ile)"
"1322","tRNA(leu)"
"1323","L-leucyl-tRNA(leu)"
"1324","tRNA(lys)"
"1325","L-lysyl-tRNA(lys)"
"1326","N-formylmethionyl-tRNA"
"1327","tRNA(phe)"
"1328","L-phenylalanyl-tRNA(phe)"
"1329","tRNA(pro)"
"1330","L-prolyl-tRNA(pro)"
"1331","tRNA(ser)"
"1332","L-seryl-tRNA(ser)"
"1333","tRNA(thr)"
"1334","L-threonyl-tRNA(thr)"
"1335","tRNA(trp)"
"1336","L-tryptophanyl-tRNA(trp)"
"1337","tRNA(val)"
"1338","L-valyl-tRNA(val)"
"1339","T-antigen"
"1340","sialyl-T antigen"
"1341","disialyl-T antigen"
"1342","core 3"
"1343","core 4"
"1344","G00031"
"1345","G00032"
"1346","sialyl-Tn antigen"
"1347","dehydrodolichol-diphosphate"
"1348","N-acetyl-D-glucosaminyldiphosphodolichol"
"1349","beta-D-mannosyldiacetylchitobiosyldiphosphodolichol"
"1350","alpha-D-mannosyl-beta-D-mannosyl-diacetylchitobiosyldiphosphodolichol"
"1351","G10526"
"1352","G00006"
"1353","dolichyl-phosphate-D-mannose"
"1354","G10595"
"1355","G10597"
"1356","G10598"
"1357","G10599"
"1358","n2m2nmasn"
"1359","G00022"
"1360","fibrinogen"
"1361","[apotransferin]"
"1362","N(omega)-(ADP-D-ribosyl)-L-arginine"
"1363","apocytochrome-C"
"1364","activated methyl group"
"1365","oxalosuccinate"
"1366","3-carboxy-1-hydroxypropyl-ThPP"
"1367","cis-aconitate"
"1368","S-succinyldihydrolipoamide"
"1369","oxalate"
"1370","glycolaldehyde"
"1371","valeric acid"
"1372","hexanoic acid"
"1373","octanoic acid"
"1374","nonanoyl-CoA"
"1375","nonanoic acid"
"1376","decanoic acid"
"1377","undecylic acid"
"1378","tridecylic acid"
"1379","pentadecylic acid"
"1380","palmitolate"
"1381","9-heptadecylenic acid"
"1382","stearate"
"1383","cis-vaccenic acid"
"1384","nonadecylic acid"
"1385","eicosanoyl-CoA"
"1386","eicosanoate"
"1387","cis-gondoic acid"
"1388","docosanoyl-CoA"
"1389","behenic acid"
"1390","(13Z)-docosenoyl-CoA"
"1391","cis-erucic acid"
"1392","tetracosanoyl-CoA"
"1393","(15Z)-tetracosenoyl-CoA"
"1394","nervonic acid"
"1395","stearidonic acid"
"1396","(8Z_11Z_14Z_17Z)-eicosatetraenoyl-CoA"
"1397","(5Z_8Z_11Z_14Z_17Z)-eicosapentaenoyl-CoA"
"1398","EPA"
"1399","(7Z_10Z_13Z_16Z_19Z)-docosapentaenoyl-CoA"
"1400","DPA"
"1401","(9Z_12Z_15Z_18Z_21Z)-tetracosapentaenoyl-CoA"
"1402","(6Z_9Z_12Z_15Z_18Z_21Z)-tetracosahexaenoyl-CoA"
"1403","(4Z_7Z_10Z_13Z_16Z_19Z)-docosahexaenoyl-CoA"
"1404","(11Z_14Z_17Z)-eicosatrienoic acid"
"1405","(11Z_14Z_17Z)-eicosatrienoyl-CoA"
"1406","13_16_19-docosatrienoic acid"
"1407","dihomo-gamma-linolenoyl-CoA"
"1408","dihomo-gamma-linolenate"
"1409","(7Z_10Z_13Z_16Z)-docosatetraenoyl-CoA"
"1410","adrenic acid"
"1411","(9Z_12Z_15Z_18Z)-tetracosatetraenoyl-CoA"
"1412","(6Z_9Z_12Z_15Z_18Z)-tetracosapentaenoyl-CoA"
"1413","(4Z_7Z_10Z_13Z_16Z)-docosapentaenoyl-CoA"
"1414","(11Z_14Z)-eicosadienoic acid"
"1415","(11Z_14Z)-eicosadienoyl-CoA"
"1416","(13Z_16Z)-docosadienoic acid"
"1417","(13Z_16Z)-docosadienoyl-CoA"
"1418","[ACP]"
"1419","(R)-3-hydroxybutanoyl-[ACP]"
"1420","but-2-enoyl-[ACP]"
"1421","D-3-hydroxyhexanoyl-[ACP]"
"1422","(2E)-hexenoyl-[ACP]"
"1423","(R)-3-hydroxyoctanoyl-[ACP]"
"1424","(2E)-octenoyl-[ACP]"
"1425","(R)-3-hydroxydecanoyl-[ACP]"
"1426","(2E)-decenoyl-[ACP]"
"1427","D-3-hydroxydodecanoyl-[ACP]"
"1428","(2E)-dodecenoyl-[ACP]"
"1429","HMA"
"1430","(2E)-tetradecenoyl-[ACP]"
"1431","(R)-3-hydroxypalmitoyl-[ACP]"
"1432","(2E)-hexadecenoyl-[ACP]"
"1433","3-oxooctadecanoyl-CoA"
"1434","(2E)-octadecenoyl-CoA"
"1435","9(S)-HPODE"
"1436","13(S)-HPODE"
"1437","13(S)-HODE"
"1438","9(10)-EpOME"
"1439","12(13)-EpOME"
"1440","9_10-hydroxyoctadec-12(Z)-enoate"
"1441","12_13-hydroxyoctadec-9(z)-enoate"
"1442","lipoic acid"
"1443","dihydrolipoate"
"1444","lipoyl-AMP"
"1445","prostaglandin E3"
"1446","10-HETE"
"1447","5(S)-HETE"
"1448","lipoxin B4"
"1449","12(S)-HPETE"
"1450","hepoxilin A3"
"1451","trioxilin A3"
"1452","20-OH-LTB4"
"1453","20-COOH-LTB4"
"1454","20-hydroxy-LTE4"
"1455","(13E)-11alpha-hydroxy-9_15-dioxoprost-13-enoate"
"1456","prostaglandin E1"
"1457","O-butanoylcarnitine"
"1458","O-propanoylcarnitine"
"1459","(3Z)-dodecenoyl-CoA"
"1460","phytanic acid"
"1461","formyl-CoA"
"1462","3-ketopristanoyl-CoA"
"1463","4_8_12-trimethyltridecanoyl-CoA"
"1464","farnesylcysteine"
"1465","2-trans_6-trans-farnesal"
"1466","(24R_25R)3alpha_7alpha_12alpha_24-tetrahydroxy-5beta-cholestanoyl-CoA"
"1467","7alpha-hydroxypregnenolone"
"1468","21-hydroxyallopregnanolone"
"1469","hydroiodic acid"
"1470","estradiol-17beta 3-glucuronide"
"1471","pregnenolone sulfate"
"1472","6beta-hydroxytestosterone"
"1473","testosterone glucuronide"
"1474","estrone-glucuronide"
"1475","androsterone-glucuronide"
"1476","20alpha-hydroxy-4-pregnen-3-one"
"1477","etiocholan-3alpha-ol-17-one 3-glucuronide"
"1478","16-glucuronide-estriol"
"1479","4alpha-methylzymosterol"
"1480","4_4-dimethyl-5alpha-cholesta-8-en-3-beta-ol"
"1481","4-hydroxy-17beta-estradiol"
"1482","cholesterol-ester-palm"
"1483","phytoceramide pool"
"1484","hexadecenal"
"1485","globotriaosylceramide"
"1486","globoside"
"1487","GA2"
"1488","GT1aalpha"
"1489","GQ1balpha"
"1490","GD1c"
"1491","GT1c"
"1492","GQ1c"
"1493","GQ1b"
"1494","GT1a"
"1495","N-acetylgalactosamine"
"1496","digalactosylceramidesulfate"
"1497","1-alkyl-2-acylglycerophosphoethanolamine"
"1498","CDP-glycerol"
"1499","PGP-CL pool"
"1500","cholesterol-ester pool"
"1501","PPE-NME2-LD pool"
"1502","N-methylethanolamine-phosphate"
"1503","phosphodimethylethanolamine"
"1504","alkyl-glycerone-3-phosphate"
"1505","lactosylceramide sulfate"
"1506","IV3GalNAca-Gb4Cer"
"1507","globo-H"
"1508","V3(NeuAc)2-Gb5Cer"
"1509","lc3Cer"
"1510","lc4Cer"
"1511","3-isoLM1"
"1512","fuc-3-isoLM1"
"1513","fuc-Lc4Cer"
"1514","G00038"
"1515","type I B glycolipid"
"1516","fucacgalfucgalacglcgalgluside heparan sulfate"
"1517","IV2Fuc_III4Fuc-Lc4Cer"
"1518","G00040"
"1519","paragloboside"
"1520","sialyl-3-paragloboside"
"1521","3_8-LD1"
"1522","IV3NeuAc_III3Fuc-nLc4Cer"
"1523","nLc5Cer(G00051)"
"1524","III3_IV2Fuc-nLc4Cer"
"1525","type II A antigen"
"1526","G00057"
"1527","type III A glycolipid"
"1528","III3Fuc-nLc4Cer"
"1529","nLc7Cer"
"1530","nLc8Cer"
"1531","G00086"
"1532","V3Fuc_III3Fuc-nLc6Cer"
"1533","G00082"
"1534","G00083"
"1535","G00072"
"1536","G00073"
"1537","type IIIAb"
"1538","G00077"
"1539","iso-nLc8Cer"
"1540","monofucosyllactoisooctaosylceramide"
"1541","G00079"
"1542","VI3NeuAc-nLc6Cer"
"1543","III3Fuc-nLc6Cer"
"1544","GM4"
"1545","psychosine"
"1546","psychosine sulfate"
"1547","6-(alpha-D-glucosaminyl)-1-phosphatidyl-1D-myo-inositol"
"1548","6-(alpha-D-glucosaminyl)-1D-myo-inositol"
"1549","N-acetyl-D-glucosaminylphosphatidylinositol"
"1550","prostaglandin A2"
"1551","malonic-dialdehyde"
"1552","prostaglandin J2"
"1553","prostaglandin A1"
"1554","S-(PGA1)-glutathione"
"1555","1-palmitoyl-dihydroxyacetone-phosphate"
"1556","2-acyl-1-alkyl-sn-glycero-3-phosphate"
"1557","1-alkenyl-2-acylglycerol"
"1558","2-acyl-1-(1-alkenyl)-sn-glycero-3-phosphate"
"1559","1-(1-alkenyl)-sn-glycerol"
"1560","1-(1-alkenyl)-sn-glycero-3-phosphate"
"1561","L-iduronic acid"
"1562","hyaluronan biosynthesis_ precursor 1"
"1563","ecgonine"
"1564","5beta-cholestane-3alpha_7alpha_26-triol"
"1565","3alpha_7alpha-dihydroxy-5beta-cholestan-26-al"
"1566","25(R)DHCA-CoA"
"1567","(24R_25R)3alpha_7alpha_24-trihydroxy-5beta-cholestanoyl-CoA"
"1568","taurodeoxycholate"
"1569","hyodeoxycholate"
"1570","taurolithocholate"
"1571","sulfotaurolithocholate"
"1572","lepidimoide"
"1573","ADP-ribose-2-phosphate"
"1574","N1-methyl-4-pyridone-5-carboxamide"
"1575","N1-methyl-2-pyridone-5-carboxamide"
"1576","apo-[ACP]"
"1577","N-pantothenoylcysteine"
"1578","1D-myo-inositol-3_4_5_6-tetrakisphosphate"
"1579","1D-myo-inositol-bisdiphosphate-tetrakisphosphate"
"1580","N-formyl-L-glutamate"
"1581","adenylated molybdopterin"
"1582","carboxybiotin-carboxyl-carrier"
"1583","formamidopyrimidine nucleoside triphosphate"
"1584","dihydroneopterin"
"1585","2_5-diamino-6-(5-triphosphoryl-3_4-trihydroxy-2-oxopentyl)-amino-4-oxopyrimidine"
"1586","2_5-diaminopyrimidine nucleoside triphosphate"
"1587","L-gulono-1_4-lactone"
"1588","D-glucurono-6_3-lactone"
"1589","D-glucarate"
"1590","Fe3+"
"1591","globin"
"1592","uroporphyrinogen I"
"1593","coproporphyrinogen I"
"1594","4-oxoretinol"
"1595","11-cis-retinal"
"1596","18-hydroxy-all-trans-retinoate"
"1597","13-cis-retinoate"
"1598","11-cis-retinyl-palmitate"
"1599","retinoyl-glucuronide"
"1600","hydroxide"
"1601","formyl-N-acetyl-5-methoxykynurenamine"
"1602","N-methylserotonin"
"1603","bufotenine"
"1604","formyl-5-hydroxykynurenamine"
"1605","5-methoxyindoleacetate"
"1606","thiamin-PPP"
"1607","thiamin-P"
"1608","cob(II)alamin"
"1609","cob(I)alamin"
"1610","cobamide-coenzyme"
"1611","4-pyridoxate"
"1612","(24R)-24_25-dihydroxycalciol"
"1613","calcitetrol"
"1614","alpha-tocotrienol"
"1615","alpha-tocopherol"
"1616","benzo[a]pyrene"
"1617","Benzo[a]pyrene-9_10-oxide"
"1618","Benzo[a]pyrene-7_8-oxide"
"1619","Benzo[a]pyrene-4_5-oxide"
"1620","4_5-dihydro-4-hydroxy-5-S-glutathionyl-benzo[a]pyrene"
"1621","Benzo[a]pyrene-7_8-diol"
"1622","7_8-dihydro-7-hydroxy-8-S-glutathionyl-benzo[a]pyrene"
"1623","benzo[a]pyrene-7_8-dihydrodiol-9_10-oxide"
"1624","9-hydroxybenzo[a]pyrene"
"1625","9-hydroxybenzo[a]pyrene-4_5-oxide"
"1626","naphthalene"
"1627","(1R_2S)-Naphthalene 1_2-oxide"
"1628","(1S_2R)-Naphthalene 1_2-oxide"
"1629","(1R)-hydroxy-(2R)-glutathionyl-1_2-dihydronaphthalene"
"1630","1_2-dihydronaphthalene-1_2-diol"
"1631","naphthalene-1_2-diol"
"1632","(1S)-hydroxy-(2S)-glutathionyl-1_2-dihydronaphthalene"
"1633","aflatoxin Q1"
"1634","Aflatoxin M1"
"1635","aflatoxin M1-8_9-epoxide"
"1636","aflatoxin B1-endo-8_9-epoxide"
"1637","2_3-Epoxyaflatoxin B1"
"1638","aflatoxin B1-exo-8_9-epoxide-GSH"
"1639","aflatoxin B1 diol"
"1640","aflatoxin B1 dialdehyde"
"1641","1_2_3_4-tetrahydro-alpha_7-dihydroxy-beta-(hydroxymethyl)-9-methoxy-3_4-dioxocyclopenta[c][1]benzopyran-6-propanal"
"1642","6-[2_3-dihydroxy-1-(hydroxymethyl)propyl]-1_2-dihydro-7-hydroxy-9-methoxy-cyclopenta[c][1]benzopyran-3_4-dione"
"1643","alpha-(1_2-dihydroxyethyl)-1_2_3_4-tetrahydro-7-hydroxy-9-methoxy-3_4-dioxocyclopenta[c][1]benzopyran-6-acetaldehyde"
"1644","Trichloroethylene"
"1645","hydrochloride"
"1646","S-(1_2-dichlorovinyl)glutathione"
"1647","TAG epoxide"
"1648","chloral"
"1649","Chloral hydrate"
"1650","Trichloroacetate"
"1651","Trichloroethanol"
"1652","trichloroethanol glucuronide"
"1653","bromobenzene"
"1654","Bromobenzene-3_4-oxide"
"1655","3_4-dihydro-3-hydroxy-4-S-glutathionyl bromobenzene"
"1656","bromobenzene-3_4-dihydrodiol"
"1657","4-bromophenol"
"1658","4-bromophenol-2_3-epoxide"
"1659","Bromobenzene-2_3-oxide"
"1660","2_3-dihydro-2-S-glutathionyl-3-hydroxy bromobenzene"
"1661","bromobenzene-2_3-dihydrodiol"
"1662","7_12-Dimethylbenz[a]anthracene"
"1663","1a_11b-Dihydro-4_9-dimethylbenz[a]anthra[3_4-b]oxirene"
"1664","7-Hydroxymethyl-12-methylbenz[a]anthracene"
"1665","7_12-Dimethylbenz[a]anthracene 5_6-oxide"
"1666","trans-DMBA-3_4-dihydrodiol"
"1667","(1aalpha_2beta_3alpha_11calpha)-1a_2_3_11c-tetrahydro-6_11-dimethylbenzo[6_7]phenanthro[3_4-b]oxirene-2_3-diol"
"1668","7-hydroxymethyl-12-methylbenz[a]anthracene sulfate"
"1669","trans-5_6-dihydro-5_6-dihydroxy-7_12-Dimethylbenz[a]anthracene"
"1670","4-(Methylnitrosamino)-1-(3-pyridyl)-1-butanone"
"1671","4-(Methylnitrosamino)-1-(3-pyridyl)-1-butanol"
"1672","4-[(hydroxymethyl)nitrosoamino]-1-(3-pyridinyl)-1-butanone"
"1673","4-hydroxy-4-(methylnitrosoamino)-1-(3-pyridinyl)-1-butanone"
"1674","1-(methylnitrosoamino)-4-(3-pyridinyl)-1_4-butanediol"
"1675","alpha-[3-[(hydroxymethyl)nitrosoamino]propyl]-3-pyridinemethanol"
"1676","4-(methylnitrosamino)-1-(3-pyridyl)-1-butanol glucuronide"
"1677","NNAL-N-glucuronide"
"1678","1-nitronaphthalene"
"1679","1-Nitronaphthalene-5_6-oxide"
"1680","1-nitro-5-hydroxy-6-glutathionyl-5_6-dihydronaphthalene"
"1681","1-nitro-5-glutathionyl-6-hydroxy-5_6-dihydronaphthalene"
"1682","1-nitro-5_6-dihydroxy-dihydronaphthalene"
"1683","1-Nitronaphthalene-7_8-oxide"
"1684","1-nitro-7-hydroxy-8-glutathionyl-7_8-dihydronaphthalene"
"1685","1-nitro-7-glutathionyl-8-hydroxy-7_8-dihydronaphthalene"
"1686","1_1-dichloroethylene"
"1687","2_2-Dichloroacetaldehyde"
"1688","S-(2_2-dichloro-1-hydroxy)ethyl glutathione"
"1689","1_1-dichloroethylene epoxide"
"1690","2-(S-Glutathionyl)acetyl chloride"
"1691","2-(S-glutathionyl)acetyl glutathione"
"1692","Chloroacetyl chloride"
"1693","S-(2-chloroacetyl)glutathione"
"1694","1_2-Dibromoethane"
"1695","2-Bromoacetaldehyde"
"1696","hydrobromic acid"
"1697","S-(formylmethyl)glutathione"
"1698","glutathione episulfonium ion"
"1699","debrisoquin"
"1700","4-nitrocatechol"
"1701","Coumarin"
"1702","umbelliferone"
"1703","antipyrine"
"1704","edaravone"
"1705","Omeprazole"
"1706","Paclitaxel"
"1707","Tolbutamide"
"1708","nifedipine"
"1709","ebastine"
"1710","limonene"
"1711","(-)-trans-carveol"
"1712","perillyl alcohol"
"1713","(+)-alpha-pinene"
"1714","alpha-pinene-oxide"
"1715","chloride"
"1716","4-nitrophenyl-phosphate"
"1717","isomaltose"
"1718","neurotensin"
"1719","L-sorbose"
"1720","L-iditol"
"1721","2_3-cyclic-UMP"
"1722","TRH"
"1723","P1_P4-bis(5-guanosyl)-tetraphosphate"
"1724","(ADP-D-ribosyl)n+1-acceptor"
"1725","[phosphorylase A]"
"1726","ubiquitin C terminal thiolester"
"1727","thiol"
"1728","ubiquitin"
"1729","peptidylproline-(omega=0)"
"1730","peptidylproline-(omega=180)"
"1731","[myosin light chain]"
"1732","[myosin light chain]-phosphate"
"1733","histone-N6-acetyl-L-lysine"
"1734","alkylamine"
"1735","apppA"
"1736","DNA containing 6-O-methylguanine"
"1737","DNA containing guanine"
"1738","phosphorhodopsin"
"1739","6-Methylmercaptopurine"
"1740","thiopurine"
"1741","alpha tubulin"
"1742","detyrosinated alpha-tubulin"
"1743","3-phosphopolynucleotide"
"1744","polynucleotide"
"1745","5-phosphopolynucleotide"
"1746","(5)ppPur-mRNA"
"1747","G(5)pppR-RNA"
"1748","m7G(5')pppR-RNA"
"1749","m7G(5')pppRm-RNA (mRNA containing a 2'-O-methylpurine cap)"
"1750","m7G(5')pppm6Am (mRNA containing an N6_2'-O-dimethyladenosine cap)"
"1751","m7G(5')pppAm"
"1752","N-tetradecanoylglycylpeptide"
"1753","trimethylamine-N-oxide"
"1754","N-acetyl-O-acetylneuraminate"
"1755","[pyruvate dehydrogenase (acetyl transferring)]-phosphate"
"1756","[pyruvate dehydrogenase (acetyl transferring)]"
"1757","tRNA-queuine"
"1758","queuine"
"1759","tRNA-guanine"
"1760","tRNA containing N2-methylguanine"
"1761","tRNA containing N7-methylguanine"
"1762","tRNA containing 5-methylaminomethyl-2-thiouridylate"
"1763","tRNA containing 5-aminomethyl-2-thiouridine"
"1764","N-substituted aminoacyl tRNA"
"1765","N-substituted amino acid"
"1766","tRNA"
"1767","tRNA containing 6-isopentenyladenosine"
"1768","tRNA-pseudouridine"
"1769","tRNA-uridine"
"1770","acetanilide"
"1771","aniline"
"1772","[beta-adrenergic-receptor]"
"1773","phospho-[beta adrenergic receptor]"
"1774","N-acetylmuramoyl-ala"
"1775","N-acetylmuramate"
"1776","N4-(acetyl-beta-D-glucosaminyl)asparagine"
"1777","N-acetyl-beta-D-glucosaminylamine"
"1778","peptide-L-aspartate"
"1779","peptide-3-hydroxy-L-aspartate"
"1780","(indol-3-yl)acetamide"
"1781","3-methyl-2-oxobutanoate-dehydrogenase-phosphate"
"1782","3-methyl-2-oxobutanoate-dehydrogenase"
"1783","sn-glycero-3-phospho-1-inositol"
"1784","vitamin K"
"1785","reduced vitamin K"
"1786","oxidized dithiothreitol"
"1787","vitamin K epoxide"
"1788","peptidylamidoglycolate"
"1789","peptidylglycine"
"1790","L-glutaminyl-peptide"
"1791","5-oxoprolyl-peptide"
"1792","peptide-L-methionine"
"1793","peptide-L-methionine-(S)-S-oxide"
"1794","peptidyl-L-lysyl-peptide"
"1795","peptidyl-allysyl-peptide"
"1796","RNA-terminal-2_3-cyclic-phosphate"
"1797","RNA-3-terminal-phosphate"
"1798","lysosomal-enzyme-D-mannose"
"1799","lysosomal-enzyme-N-acetyl-D-glucosaminyl-phospho-D-mannose"
"1800","peptide-2-[3-carboxy-3-(methylammonio)propyl]-L-histidine"
"1801","peptide-2-(3-carboxy-3-aminopropyl)-L-histidine"
"1802","formyl-L-methionyl-peptide"
"1803","methionyl-peptide"
"1804","diphospho-myo-inositol-polyphosphate"
"1805","myo-inositol-polyphosphate"
"1806","procollagen-L-lysine"
"1807","L-hydroxylysine"
"1808","3-(acyloxy)acyl group of bacterial toxin"
"1809","3-hydroxyacyl group of bacterial toxin"
"1810","cis-beta-D-glucosyl-2-hydroxycinnamate"
"1811","cis-2-hydroxycinnamate"
"1812","lactose-6-phosphate"
"1813","N-acetyl-L-glutamate-5-phosphate"
"1814","N-acetyl-L-glutamate 5-semialdehyde"
"1815","2-phosphoglycolate"
"1816","N-trimethyl-2-aminoethylphosphonate"
"1817","2-aminoethylphosphonate"
"1818","N-methylputrescine"
"1819","1-methylpyrrolinium"
"1820","perillyl aldehyde"
"1821","perillic acid"
"1822","trans-2-methyl-5-isopropylhexa-2_5-dienoyl-CoA"
"1823","3-hydroxy-2_6-dimethyl-5-methylene-heptanoyl-CoA"
"1824","cis-2-methyl-5-isopropylhexa-2_5-dienoyl-CoA"
"1825","P1_P4-bis(5-adenosyl)-tetraphosphate"
"1826","gamma-glutamyl-beta-cyanoalanine"
"1827","L-3-cyanoalanine"
"1828","gamma-glutamyl-3-aminopropiononitrile"
"1829","5-methyltetrahydropteroyltri-L-glutamate"
"1830","tetrahydropteroyltri-L-glutamate"
"1831","protamine"
"1832","O-phosphoprotamine"
"1833","metformin"
"1834","quinidine"
"1835","cimetidine"
"1836","insulin-(SS)"
"1837","Insulin-(SH)2"
"1838","K+"
"1839","homoserine"
"1840","thromboxane B2"
"1841","leukotriene F4"
"1842","prostaglandin B1"
"1843","prostaglandin B2"
"1844","prostaglandin C1"
"1845","prostaglandin C2"
"1846","prostaglandin D1"
"1847","prostaglandin D3"
"1848","prostaglandin F1alpha"
"1849","prostaglandin F2beta"
"1850","cytosine"
"1851","creatinine"
"1852","malonate"
"1853","Diazepam"
"1854","Nordazepam"
"1855","1-Alkyl-Sn-Glycerol 3-Phosphate"
"1856","calcitroic acid"
"1857","Adipic Acid"
"1858","Sebacicacid"
"1859","Suberic Acid"
"1860","P-Cresol"
"1861","Glycylleucine"
"1862","Glutarate"
"1863","4-coumarate"
"1864","coproporphyrin I"
"1865","N8-acetylspermidine"
"1866","coproporphyrin III"
"1867","Hyocholic acid; gamma-Muricholate"
"1868","glycodeoxycholate"
"1869","Taurohyocholic acid; N-(3alpha_6alpha_7alpha-Trihydroxy-5beta-cholan-24-oyl)taurine"
"1870","17alpha_20alpha-Dihydroxypregn-4-en-3-one"
"1871","allantoin"
